x_value,Timestamp,Humidity_1,Humidity_2,HD,HT
1.0,2021_01-13_12_51_40,65.11,63.9,-1.2100000000000009,0.5
2.0,2021_01-13_12_51_40,65.04,63.87,-1.1700000000000088,0.48999999999999844
3.0,2021_01-13_12_51_41,65.04,63.84,-1.2000000000000028,0.46999999999999886
4.0,2021_01-13_12_51_41,65.04,63.84,-1.2000000000000028,0.48999999999999844
5.0,2021_01-13_12_51_41,65.04,63.84,-1.2000000000000028,0.5
6.0,2021_01-13_12_51_42,65.04,63.84,-1.2000000000000028,0.4799999999999969
7.0,2021_01-13_12_51_42,65.04,63.84,-1.2000000000000028,0.4799999999999969
8.0,2021_01-13_12_51_42,65.01,63.84,-1.1700000000000017,0.4799999999999969
9.0,2021_01-13_12_51_43,65.01,63.81,-1.2000000000000028,0.4799999999999969
10.0,2021_01-13_12_51_43,65.04,63.81,-1.230000000000004,0.4799999999999969
11.0,2021_01-13_12_51_43,65.01,63.81,-1.2000000000000028,0.4799999999999969
12.0,2021_01-13_12_51_44,65.01,63.81,-1.2000000000000028,0.48999999999999844
13.0,2021_01-13_12_51_44,65.01,63.84,-1.1700000000000017,0.4800000000000004
14.0,2021_01-13_12_51_45,65.01,63.84,-1.1700000000000017,0.490000000000002
15.0,2021_01-13_12_51_45,65.01,63.84,-1.1700000000000017,0.490000000000002
16.0,2021_01-13_12_51_45,65.01,63.81,-1.2000000000000028,0.509999999999998
17.0,2021_01-13_12_51_46,65.01,63.81,-1.2000000000000028,0.5
18.0,2021_01-13_12_51_46,65.01,63.81,-1.2000000000000028,0.5
19.0,2021_01-13_12_51_46,65.01,63.81,-1.2000000000000028,0.5
20.0,2021_01-13_12_51_47,65.01,63.81,-1.2000000000000028,0.5
21.0,2021_01-13_12_51_47,65.01,63.81,-1.2000000000000028,0.5
22.0,2021_01-13_12_51_47,65.01,63.81,-1.2000000000000028,0.5100000000000016
23.0,2021_01-13_12_51_48,65.01,63.81,-1.2000000000000028,0.5
24.0,2021_01-13_12_51_48,65.01,63.81,-1.2000000000000028,0.5
25.0,2021_01-13_12_51_49,65.01,63.81,-1.2000000000000028,0.5
26.0,2021_01-13_12_51_49,65.01,63.81,-1.2000000000000028,0.5
27.0,2021_01-13_12_51_49,65.04,63.81,-1.230000000000004,0.509999999999998
28.0,2021_01-13_12_51_50,65.01,63.81,-1.2000000000000028,0.509999999999998
29.0,2021_01-13_12_51_50,65.01,63.81,-1.2000000000000028,0.5
30.0,2021_01-13_12_51_50,65.04,63.81,-1.230000000000004,0.509999999999998
31.0,2021_01-13_12_51_51,65.04,63.84,-1.2000000000000028,0.5
32.0,2021_01-13_12_51_51,65.04,63.84,-1.2000000000000028,0.509999999999998
33.0,2021_01-13_12_51_52,65.04,63.81,-1.230000000000004,0.5
34.0,2021_01-13_12_51_52,65.04,63.84,-1.2000000000000028,0.5
35.0,2021_01-13_12_51_52,65.04,63.84,-1.2000000000000028,0.509999999999998
36.0,2021_01-13_12_51_53,65.04,63.84,-1.2000000000000028,0.509999999999998
37.0,2021_01-13_12_51_53,65.04,63.84,-1.2000000000000028,0.509999999999998
38.0,2021_01-13_12_51_53,65.04,63.84,-1.2000000000000028,0.5199999999999996
39.0,2021_01-13_12_51_54,65.04,63.84,-1.2000000000000028,0.509999999999998
40.0,2021_01-13_12_51_54,65.04,63.81,-1.230000000000004,0.5
41.0,2021_01-13_12_51_54,65.04,63.84,-1.2000000000000028,0.5
42.0,2021_01-13_12_51_55,65.04,63.84,-1.2000000000000028,0.509999999999998
43.0,2021_01-13_12_51_55,65.04,63.84,-1.2000000000000028,0.5
44.0,2021_01-13_12_51_56,65.04,63.84,-1.2000000000000028,0.509999999999998
45.0,2021_01-13_12_51_56,65.04,63.84,-1.2000000000000028,0.490000000000002
46.0,2021_01-13_12_51_56,65.04,63.84,-1.2000000000000028,0.5
47.0,2021_01-13_12_51_57,65.04,63.84,-1.2000000000000028,0.5
48.0,2021_01-13_12_51_57,65.04,63.84,-1.2000000000000028,0.5
49.0,2021_01-13_12_51_57,65.04,63.84,-1.2000000000000028,0.509999999999998
50.0,2021_01-13_12_51_58,65.04,63.84,-1.2000000000000028,0.5
51.0,2021_01-13_12_51_58,65.04,63.84,-1.2000000000000028,0.5
52.0,2021_01-13_12_51_58,65.04,63.84,-1.2000000000000028,0.5100000000000016
53.0,2021_01-13_12_51_59,65.04,63.84,-1.2000000000000028,0.5199999999999996
54.0,2021_01-13_12_51_59,65.04,63.84,-1.2000000000000028,0.5
55.0,2021_01-13_12_52_00,65.04,63.84,-1.2000000000000028,0.509999999999998
56.0,2021_01-13_12_52_00,65.08,63.84,-1.2399999999999949,0.509999999999998
57.0,2021_01-13_12_52_00,65.04,63.84,-1.2000000000000028,0.509999999999998
58.0,2021_01-13_12_52_01,65.04,63.84,-1.2000000000000028,0.509999999999998
59.0,2021_01-13_12_52_01,65.04,63.84,-1.2000000000000028,0.5199999999999996
60.0,2021_01-13_12_52_01,65.08,63.84,-1.2399999999999949,0.509999999999998
61.0,2021_01-13_12_52_02,65.08,63.84,-1.2399999999999949,0.5199999999999996
62.0,2021_01-13_12_52_02,65.08,63.84,-1.2399999999999949,0.5199999999999996
63.0,2021_01-13_12_52_02,65.08,63.84,-1.2399999999999949,0.5199999999999996
64.0,2021_01-13_12_52_03,65.08,63.84,-1.2399999999999949,0.5199999999999996
65.0,2021_01-13_12_52_03,65.08,63.84,-1.2399999999999949,0.5199999999999996
66.0,2021_01-13_12_52_04,65.08,63.84,-1.2399999999999949,0.5199999999999996
67.0,2021_01-13_12_52_04,65.08,63.84,-1.2399999999999949,0.5399999999999991
68.0,2021_01-13_12_52_04,65.08,63.84,-1.2399999999999949,0.5199999999999996
69.0,2021_01-13_12_52_05,65.08,63.84,-1.2399999999999949,0.5199999999999996
70.0,2021_01-13_12_52_05,65.08,63.84,-1.2399999999999949,0.5300000000000011
71.0,2021_01-13_12_52_05,65.08,63.84,-1.2399999999999949,0.509999999999998
72.0,2021_01-13_12_52_06,65.08,63.84,-1.2399999999999949,0.5199999999999996
73.0,2021_01-13_12_52_06,65.08,63.84,-1.2399999999999949,0.5199999999999996
74.0,2021_01-13_12_52_07,65.08,63.84,-1.2399999999999949,0.5199999999999996
75.0,2021_01-13_12_52_07,65.08,63.84,-1.2399999999999949,0.5199999999999996
76.0,2021_01-13_12_52_07,65.08,63.84,-1.2399999999999949,0.509999999999998
77.0,2021_01-13_12_52_08,65.08,63.84,-1.2399999999999949,0.509999999999998
78.0,2021_01-13_12_52_08,65.08,63.84,-1.2399999999999949,0.509999999999998
79.0,2021_01-13_12_52_08,65.08,63.84,-1.2399999999999949,0.5199999999999996
80.0,2021_01-13_12_52_09,65.08,63.84,-1.2399999999999949,0.5199999999999996
81.0,2021_01-13_12_52_09,65.08,63.84,-1.2399999999999949,0.509999999999998
82.0,2021_01-13_12_52_09,65.08,63.84,-1.2399999999999949,0.509999999999998
83.0,2021_01-13_12_52_10,65.08,63.84,-1.2399999999999949,0.509999999999998
84.0,2021_01-13_12_52_10,65.08,63.84,-1.2399999999999949,0.509999999999998
85.0,2021_01-13_12_52_11,65.08,63.84,-1.2399999999999949,0.509999999999998
86.0,2021_01-13_12_52_11,65.08,63.84,-1.2399999999999949,0.5199999999999996
87.0,2021_01-13_12_52_11,65.08,63.84,-1.2399999999999949,0.5199999999999996
88.0,2021_01-13_12_52_12,65.08,63.81,-1.269999999999996,0.5199999999999996
89.0,2021_01-13_12_52_12,65.08,63.84,-1.2399999999999949,0.509999999999998
90.0,2021_01-13_12_52_12,65.08,63.84,-1.2399999999999949,0.5199999999999996
91.0,2021_01-13_12_52_13,65.08,63.81,-1.269999999999996,0.5199999999999996
92.0,2021_01-13_12_52_13,65.08,63.84,-1.2399999999999949,0.509999999999998
93.0,2021_01-13_12_52_13,65.08,63.84,-1.2399999999999949,0.5199999999999996
94.0,2021_01-13_12_52_14,65.08,63.84,-1.2399999999999949,0.5100000000000016
95.0,2021_01-13_12_52_14,65.08,63.81,-1.269999999999996,0.5100000000000016
96.0,2021_01-13_12_52_15,65.08,63.81,-1.269999999999996,0.5199999999999996
97.0,2021_01-13_12_52_15,65.08,63.84,-1.2399999999999949,0.5399999999999991
98.0,2021_01-13_12_52_15,65.08,63.81,-1.269999999999996,0.5399999999999991
99.0,2021_01-13_12_52_16,65.08,63.84,-1.2399999999999949,0.5499999999999972
100.0,2021_01-13_12_52_16,65.08,63.84,-1.2399999999999949,0.5499999999999972
101.0,2021_01-13_12_52_16,65.1,63.84,-1.259999999999991,0.5599999999999987
102.0,2021_01-13_12_52_17,65.08,63.84,-1.2399999999999949,0.5399999999999991
103.0,2021_01-13_12_52_17,65.1,63.84,-1.259999999999991,0.5599999999999987
104.0,2021_01-13_12_52_18,65.1,63.81,-1.289999999999992,0.5399999999999991
105.0,2021_01-13_12_52_18,65.1,63.84,-1.259999999999991,0.5399999999999991
106.0,2021_01-13_12_52_18,65.1,63.84,-1.259999999999991,0.5399999999999991
107.0,2021_01-13_12_52_19,65.1,63.84,-1.259999999999991,0.5399999999999991
108.0,2021_01-13_12_52_19,65.1,63.84,-1.259999999999991,0.5600000000000023
109.0,2021_01-13_12_52_19,65.13,63.84,-1.289999999999992,0.5600000000000023
110.0,2021_01-13_12_52_20,65.13,63.84,-1.289999999999992,0.5500000000000007
111.0,2021_01-13_12_52_20,65.1,63.81,-1.289999999999992,0.5500000000000007
112.0,2021_01-13_12_52_20,65.13,63.81,-1.3199999999999932,0.5500000000000007
113.0,2021_01-13_12_52_21,65.13,63.84,-1.289999999999992,0.5500000000000007
114.0,2021_01-13_12_52_21,65.16,63.84,-1.3199999999999932,0.5
115.0,2021_01-13_12_52_22,65.37,63.92,-1.4500000000000028,0.490000000000002
116.0,2021_01-13_12_52_22,65.53,64.15,-1.3799999999999955,0.5100000000000016
117.0,2021_01-13_12_52_22,65.61,64.33,-1.2800000000000011,0.4800000000000004
118.0,2021_01-13_12_52_23,65.69,64.44,-1.25,0.5100000000000016
119.0,2021_01-13_12_52_23,65.69,64.56,-1.1299999999999955,0.490000000000002
120.0,2021_01-13_12_52_23,65.69,64.59,-1.0999999999999943,0.5199999999999996
121.0,2021_01-13_12_52_24,65.69,64.65,-1.039999999999992,0.5199999999999996
122.0,2021_01-13_12_52_24,65.66,64.65,-1.009999999999991,0.5199999999999996
123.0,2021_01-13_12_52_25,65.66,64.65,-1.009999999999991,0.5300000000000011
124.0,2021_01-13_12_52_25,65.64,64.56,-1.0799999999999983,0.5300000000000011
125.0,2021_01-13_12_52_25,65.61,64.53,-1.0799999999999983,0.5400000000000027
126.0,2021_01-13_12_52_26,65.59,64.5,-1.0900000000000034,0.5400000000000027
127.0,2021_01-13_12_52_26,65.59,64.47,-1.1200000000000045,0.5500000000000007
128.0,2021_01-13_12_52_26,65.59,64.42,-1.1700000000000017,0.5500000000000007
129.0,2021_01-13_12_52_27,65.56,64.39,-1.1700000000000017,0.5500000000000007
130.0,2021_01-13_12_52_27,65.56,64.36,-1.2000000000000028,0.5500000000000007
131.0,2021_01-13_12_52_27,65.5,64.33,-1.1700000000000017,0.5700000000000003
132.0,2021_01-13_12_52_28,65.5,64.3,-1.2000000000000028,0.5599999999999987
133.0,2021_01-13_12_52_28,65.54,64.3,-1.240000000000009,0.3200000000000003
134.0,2021_01-13_12_52_29,65.7,64.27,-1.4300000000000068,0.34999999999999787
135.0,2021_01-13_12_52_29,66.13,64.3,-1.8299999999999983,0.41000000000000014
136.0,2021_01-13_12_52_29,66.48,64.3,-2.180000000000007,0.4499999999999993
137.0,2021_01-13_12_52_30,66.75,64.27,-2.480000000000004,0.4499999999999993
138.0,2021_01-13_12_52_30,66.83,64.3,-2.530000000000001,0.46000000000000085
139.0,2021_01-13_12_52_30,66.88,64.3,-2.5799999999999983,0.46999999999999886
140.0,2021_01-13_12_52_31,66.83,64.3,-2.530000000000001,0.46999999999999886
141.0,2021_01-13_12_52_31,66.8,64.33,-2.469999999999999,0.4800000000000004
142.0,2021_01-13_12_52_31,66.78,64.33,-2.450000000000003,0.5
143.0,2021_01-13_12_52_32,66.67,64.33,-2.3400000000000034,0.5
144.0,2021_01-13_12_52_32,66.64,64.3,-2.3400000000000034,0.5399999999999991
145.0,2021_01-13_12_52_33,66.59,64.3,-2.2900000000000063,0.5399999999999991
146.0,2021_01-13_12_52_33,66.53,64.27,-2.260000000000005,0.5399999999999991
147.0,2021_01-13_12_52_33,66.48,64.27,-2.210000000000008,0.5399999999999991
148.0,2021_01-13_12_52_34,66.43,64.21,-2.220000000000013,0.5300000000000011
149.0,2021_01-13_12_52_34,66.37,64.24,-2.1300000000000097,0.5300000000000011
150.0,2021_01-13_12_52_34,66.34,64.24,-2.1000000000000085,0.5399999999999991
151.0,2021_01-13_12_52_35,66.31,64.24,-2.0700000000000074,0.5499999999999972
152.0,2021_01-13_12_52_35,66.26,64.24,-2.0200000000000102,0.5
153.0,2021_01-13_12_52_36,66.36,64.27,-2.0900000000000034,0.05999999999999872
154.0,2021_01-13_12_52_36,66.66,64.24,-2.4200000000000017,0.07000000000000028
155.0,2021_01-13_12_52_36,67.22,64.24,-2.980000000000004,0.16000000000000014
156.0,2021_01-13_12_52_37,67.81,64.21,-3.6000000000000085,0.2099999999999973
157.0,2021_01-13_12_52_37,68.24,64.21,-4.030000000000001,0.259999999999998
158.0,2021_01-13_12_52_37,68.52,64.18,-4.339999999999989,0.29999999999999716
159.0,2021_01-13_12_52_38,68.73,64.18,-4.549999999999997,0.3299999999999983
160.0,2021_01-13_12_52_38,68.87,64.18,-4.689999999999998,0.33999999999999986
161.0,2021_01-13_12_52_38,68.92,64.18,-4.739999999999995,0.35999999999999943
162.0,2021_01-13_12_52_39,68.97,64.18,-4.789999999999992,0.389999999999997
163.0,2021_01-13_12_52_39,68.94,64.18,-4.759999999999991,0.3999999999999986
164.0,2021_01-13_12_52_40,68.86,64.18,-4.679999999999993,0.41000000000000014
165.0,2021_01-13_12_52_40,68.84,64.15,-4.689999999999998,0.41999999999999815
166.0,2021_01-13_12_52_40,68.75,64.15,-4.599999999999994,0.41000000000000014
167.0,2021_01-13_12_52_41,68.64,64.13,-4.510000000000005,0.4200000000000017
168.0,2021_01-13_12_52_41,68.62,64.13,-4.490000000000009,0.4299999999999997
169.0,2021_01-13_12_52_41,68.48,64.13,-4.3500000000000085,0.39000000000000057
170.0,2021_01-13_12_52_42,68.39,64.13,-4.260000000000005,0.39000000000000057
171.0,2021_01-13_12_52_42,68.29,64.11,-4.180000000000007,0.629999999999999
172.0,2021_01-13_12_52_42,68.15,64.56,-3.5900000000000034,1.8599999999999994
173.0,2021_01-13_12_52_43,68.07,65.89,-2.1799999999999926,1.7199999999999989
174.0,2021_01-13_12_52_43,67.97,67.68,-0.28999999999999204,1.4400000000000013
175.0,2021_01-13_12_52_44,67.92,69.56,1.6400000000000006,1.1999999999999993
176.0,2021_01-13_12_52_44,67.86,71.4,3.5400000000000063,1.009999999999998
177.0,2021_01-13_12_52_44,67.75,73.19,5.439999999999998,0.8900000000000006
178.0,2021_01-13_12_52_45,67.67,74.78,7.109999999999999,0.8099999999999987
179.0,2021_01-13_12_52_45,67.61,76.3,8.689999999999998,0.759999999999998
180.0,2021_01-13_12_52_45,67.55,77.66,10.11,0.7199999999999989
181.0,2021_01-13_12_52_46,67.48,78.95,11.469999999999999,0.6799999999999997
182.0,2021_01-13_12_52_46,67.46,80.02,12.560000000000002,0.629999999999999
183.0,2021_01-13_12_52_47,67.38,80.74,13.36,0.6099999999999994
184.0,2021_01-13_12_52_47,67.27,81.06,13.790000000000006,0.6199999999999974
185.0,2021_01-13_12_52_47,67.21,81.09,13.88000000000001,0.6099999999999994
186.0,2021_01-13_12_52_48,67.15,80.95,13.799999999999997,0.5899999999999999
187.0,2021_01-13_12_52_48,67.1,80.61,13.510000000000005,0.5800000000000018
188.0,2021_01-13_12_52_48,67.04,80.26,13.219999999999999,0.5700000000000003
189.0,2021_01-13_12_52_49,66.99,79.87,12.88000000000001,0.5600000000000023
190.0,2021_01-13_12_52_49,66.94,79.39,12.450000000000003,0.5500000000000007
191.0,2021_01-13_12_52_49,66.88,78.82,11.939999999999998,0.5200000000000031
192.0,2021_01-13_12_52_50,66.83,78.2,11.370000000000005,0.5100000000000016
193.0,2021_01-13_12_52_50,66.78,77.52,10.739999999999995,0.5100000000000016
194.0,2021_01-13_12_52_51,66.75,76.98,10.230000000000004,0.48999999999999844
195.0,2021_01-13_12_52_51,66.67,76.57,9.899999999999991,0.5
196.0,2021_01-13_12_52_51,66.64,76.28,9.64,0.490000000000002
197.0,2021_01-13_12_52_52,66.59,75.95,9.36,0.490000000000002
198.0,2021_01-13_12_52_52,66.56,75.62,9.060000000000002,0.490000000000002
199.0,2021_01-13_12_52_52,66.53,75.27,8.739999999999995,0.5
200.0,2021_01-13_12_52_53,66.5,74.89,8.39,0.490000000000002
201.0,2021_01-13_12_52_53,66.45,74.46,8.009999999999991,0.5
202.0,2021_01-13_12_52_53,66.45,73.97,7.519999999999996,0.5100000000000016
203.0,2021_01-13_12_52_54,66.4,73.43,7.030000000000001,0.5100000000000016
204.0,2021_01-13_12_52_54,66.37,72.91,6.539999999999992,0.5
205.0,2021_01-13_12_52_55,66.34,72.43,6.090000000000003,0.5100000000000016
206.0,2021_01-13_12_52_55,66.31,71.96,5.6499999999999915,0.48999999999999844
207.0,2021_01-13_12_52_55,66.29,71.53,5.239999999999995,0.5
208.0,2021_01-13_12_52_56,66.26,71.1,4.839999999999989,0.5100000000000016
209.0,2021_01-13_12_52_56,66.24,70.72,4.480000000000004,0.5100000000000016
210.0,2021_01-13_12_52_56,66.18,70.31,4.1299999999999955,0.5199999999999996
211.0,2021_01-13_12_52_57,66.18,69.96,3.779999999999987,0.5199999999999996
212.0,2021_01-13_12_52_57,66.15,69.61,3.4599999999999937,0.48999999999999844
213.0,2021_01-13_12_52_58,66.13,69.23,3.1000000000000085,0.48999999999999844
214.0,2021_01-13_12_52_58,66.1,68.94,2.8400000000000034,0.4800000000000004
215.0,2021_01-13_12_52_58,66.07,68.63,2.5600000000000023,0.46000000000000085
216.0,2021_01-13_12_52_59,66.07,68.36,2.2900000000000063,0.4700000000000024
217.0,2021_01-13_12_52_59,66.04,68.09,2.049999999999997,0.46999999999999886
218.0,2021_01-13_12_52_59,66.01,67.88,1.8699999999999903,0.46000000000000085
219.0,2021_01-13_12_53_00,66.01,67.63,1.6199999999999903,0.46999999999999886
220.0,2021_01-13_12_53_00,65.99,67.44,1.4500000000000028,0.4599999999999973
221.0,2021_01-13_12_53_00,65.96,67.25,1.2900000000000063,0.4499999999999993
222.0,2021_01-13_12_53_01,65.96,67.09,1.1300000000000097,0.4499999999999993
223.0,2021_01-13_12_53_01,65.94,66.93,0.9900000000000091,0.4499999999999993
224.0,2021_01-13_12_53_02,65.94,66.79,0.8500000000000085,0.4400000000000013
225.0,2021_01-13_12_53_02,65.91,66.65,0.7400000000000091,0.4299999999999997
226.0,2021_01-13_12_53_02,65.91,66.53,0.6200000000000045,0.4299999999999997
227.0,2021_01-13_12_53_03,65.88,66.41,0.5300000000000011,0.4299999999999997
228.0,2021_01-13_12_53_03,65.89,66.3,0.4099999999999966,0.4200000000000017
229.0,2021_01-13_12_53_03,65.89,66.17,0.28000000000000114,0.4200000000000017
230.0,2021_01-13_12_53_04,65.83,66.06,0.23000000000000398,0.4200000000000017
231.0,2021_01-13_12_53_04,65.8,65.98,0.18000000000000682,0.4200000000000017
232.0,2021_01-13_12_53_04,65.8,65.9,0.10000000000000853,0.4200000000000017
233.0,2021_01-13_12_53_05,65.84,65.85,0.009999999999990905,0.41000000000000014
234.0,2021_01-13_12_53_05,65.78,65.76,-0.01999999999999602,0.4299999999999997
235.0,2021_01-13_12_53_06,65.78,65.66,-0.12000000000000455,0.4400000000000013
236.0,2021_01-13_12_53_06,65.75,65.6,-0.15000000000000568,0.46000000000000085
237.0,2021_01-13_12_53_06,65.75,65.55,-0.20000000000000284,0.4499999999999993
238.0,2021_01-13_12_53_07,65.69,65.46,-0.23000000000000398,0.46000000000000085
239.0,2021_01-13_12_53_07,65.69,65.4,-0.28999999999999204,0.4499999999999993
240.0,2021_01-13_12_53_07,65.66,65.34,-0.3199999999999932,0.4499999999999993
241.0,2021_01-13_12_53_08,65.66,65.28,-0.37999999999999545,0.4499999999999993
242.0,2021_01-13_12_53_08,65.66,65.23,-0.4299999999999926,0.4299999999999997
243.0,2021_01-13_12_53_09,65.64,65.2,-0.4399999999999977,0.4200000000000017
244.0,2021_01-13_12_53_09,65.64,65.11,-0.5300000000000011,0.41000000000000014
245.0,2021_01-13_12_53_09,65.64,65.08,-0.5600000000000023,0.3999999999999986
246.0,2021_01-13_12_53_10,65.64,65.05,-0.5900000000000034,0.39000000000000057
247.0,2021_01-13_12_53_10,65.65,65.0,-0.6500000000000057,0.41000000000000014
248.0,2021_01-13_12_53_10,65.61,64.97,-0.6400000000000006,0.39000000000000057
249.0,2021_01-13_12_53_11,65.59,64.94,-0.6500000000000057,0.39000000000000057
250.0,2021_01-13_12_53_11,65.59,64.91,-0.6800000000000068,0.3999999999999986
251.0,2021_01-13_12_53_11,65.59,64.88,-0.710000000000008,0.3999999999999986
252.0,2021_01-13_12_53_12,65.56,64.85,-0.710000000000008,0.3999999999999986
253.0,2021_01-13_12_53_12,65.59,64.85,-0.7400000000000091,0.379999999999999
254.0,2021_01-13_12_53_13,65.53,64.82,-0.710000000000008,0.38000000000000256
255.0,2021_01-13_12_53_13,65.53,64.79,-0.7399999999999949,0.38000000000000256
256.0,2021_01-13_12_53_13,65.56,64.76,-0.7999999999999972,0.370000000000001
257.0,2021_01-13_12_53_14,65.5,64.76,-0.7399999999999949,0.38000000000000256
258.0,2021_01-13_12_53_14,65.54,64.73,-0.8100000000000023,0.35999999999999943
259.0,2021_01-13_12_53_14,65.54,64.73,-0.8100000000000023,0.35999999999999943
260.0,2021_01-13_12_53_15,65.51,64.71,-0.8000000000000114,0.370000000000001
261.0,2021_01-13_12_53_15,65.51,64.68,-0.8299999999999983,0.35999999999999943
262.0,2021_01-13_12_53_15,65.48,64.68,-0.7999999999999972,0.35999999999999943
263.0,2021_01-13_12_53_16,65.48,64.65,-0.8299999999999983,0.370000000000001
264.0,2021_01-13_12_53_16,65.48,64.65,-0.8299999999999983,0.35999999999999943
265.0,2021_01-13_12_53_17,65.48,64.65,-0.8299999999999983,0.35999999999999943
266.0,2021_01-13_12_53_17,65.48,64.59,-0.8900000000000006,0.35999999999999943
267.0,2021_01-13_12_53_17,65.46,64.59,-0.8699999999999903,0.34999999999999787
268.0,2021_01-13_12_53_18,65.46,64.59,-0.8699999999999903,0.35999999999999943
269.0,2021_01-13_12_53_18,65.43,64.56,-0.8700000000000045,0.35999999999999943
270.0,2021_01-13_12_53_18,65.43,64.56,-0.8700000000000045,0.3500000000000014
271.0,2021_01-13_12_53_19,65.43,64.56,-0.8700000000000045,0.3500000000000014
272.0,2021_01-13_12_53_19,65.43,64.56,-0.8700000000000045,0.33999999999999986
273.0,2021_01-13_12_53_20,65.4,64.53,-0.8700000000000045,0.33999999999999986
274.0,2021_01-13_12_53_20,65.4,64.53,-0.8700000000000045,0.33999999999999986
275.0,2021_01-13_12_53_20,65.37,64.53,-0.8400000000000034,0.33999999999999986
276.0,2021_01-13_12_53_21,65.4,64.53,-0.8700000000000045,0.33999999999999986
277.0,2021_01-13_12_53_21,65.37,64.5,-0.8700000000000045,0.33999999999999986
278.0,2021_01-13_12_53_21,65.4,64.5,-0.9000000000000057,0.33999999999999986
279.0,2021_01-13_12_53_22,65.37,64.5,-0.8700000000000045,0.3200000000000003
280.0,2021_01-13_12_53_22,65.37,64.5,-0.8700000000000045,0.3200000000000003
281.0,2021_01-13_12_53_22,65.37,64.47,-0.9000000000000057,0.3100000000000023
282.0,2021_01-13_12_53_23,65.31,64.47,-0.8400000000000034,0.3100000000000023
283.0,2021_01-13_12_53_23,65.31,64.47,-0.8400000000000034,0.3100000000000023
284.0,2021_01-13_12_53_24,65.31,64.47,-0.8400000000000034,0.3200000000000003
285.0,2021_01-13_12_53_24,65.31,64.44,-0.8700000000000045,0.3100000000000023
286.0,2021_01-13_12_53_24,65.31,64.44,-0.8700000000000045,0.3100000000000023
287.0,2021_01-13_12_53_25,65.28,64.44,-0.8400000000000034,0.3100000000000023
288.0,2021_01-13_12_53_25,65.28,64.44,-0.8400000000000034,0.3100000000000023
289.0,2021_01-13_12_53_25,65.28,64.42,-0.8599999999999994,0.3000000000000007
290.0,2021_01-13_12_53_26,65.22,64.42,-0.7999999999999972,0.3000000000000007
291.0,2021_01-13_12_53_26,65.22,64.42,-0.7999999999999972,0.3000000000000007
292.0,2021_01-13_12_53_26,65.22,64.42,-0.7999999999999972,0.3000000000000007
293.0,2021_01-13_12_53_27,65.22,64.42,-0.7999999999999972,0.3000000000000007
294.0,2021_01-13_12_53_27,65.19,64.42,-0.769999999999996,0.3099999999999987
295.0,2021_01-13_12_53_28,65.19,64.42,-0.769999999999996,0.3200000000000003
296.0,2021_01-13_12_53_28,65.19,64.42,-0.769999999999996,0.33999999999999986
297.0,2021_01-13_12_53_28,65.19,64.39,-0.7999999999999972,0.3500000000000014
298.0,2021_01-13_12_53_29,65.17,64.42,-0.75,0.33999999999999986
299.0,2021_01-13_12_53_29,65.17,64.39,-0.7800000000000011,0.33999999999999986
300.0,2021_01-13_12_53_29,65.17,64.39,-0.7800000000000011,0.3200000000000003
301.0,2021_01-13_12_53_30,65.14,64.39,-0.75,0.3299999999999983
302.0,2021_01-13_12_53_30,65.17,64.39,-0.7800000000000011,0.3200000000000003
303.0,2021_01-13_12_53_31,65.14,64.39,-0.75,0.3299999999999983
304.0,2021_01-13_12_53_31,65.14,64.39,-0.75,0.3299999999999983
305.0,2021_01-13_12_53_31,65.14,64.36,-0.7800000000000011,0.3299999999999983
306.0,2021_01-13_12_53_32,65.11,64.36,-0.75,0.3299999999999983
307.0,2021_01-13_12_53_32,65.11,64.36,-0.75,0.3299999999999983
308.0,2021_01-13_12_53_32,65.11,64.36,-0.75,0.3299999999999983
309.0,2021_01-13_12_53_33,65.11,64.33,-0.7800000000000011,0.3299999999999983
310.0,2021_01-13_12_53_33,65.11,64.33,-0.7800000000000011,0.3299999999999983
311.0,2021_01-13_12_53_33,65.11,64.33,-0.7800000000000011,0.3299999999999983
312.0,2021_01-13_12_53_34,65.11,64.33,-0.7800000000000011,0.33000000000000185
313.0,2021_01-13_12_53_34,65.08,64.33,-0.75,0.3200000000000003
314.0,2021_01-13_12_53_35,65.08,64.33,-0.75,0.3299999999999983
315.0,2021_01-13_12_53_35,65.08,64.33,-0.75,0.33000000000000185
316.0,2021_01-13_12_53_35,65.08,64.3,-0.7800000000000011,0.33000000000000185
317.0,2021_01-13_12_53_36,65.08,64.3,-0.7800000000000011,0.33000000000000185
318.0,2021_01-13_12_53_36,65.05,64.3,-0.75,0.33000000000000185
319.0,2021_01-13_12_53_36,65.05,64.3,-0.75,0.33999999999999986
320.0,2021_01-13_12_53_37,65.05,64.3,-0.75,0.33000000000000185
321.0,2021_01-13_12_53_37,65.05,64.27,-0.7800000000000011,0.33000000000000185
322.0,2021_01-13_12_53_37,65.05,64.3,-0.75,0.3200000000000003
323.0,2021_01-13_12_53_38,65.05,64.27,-0.7800000000000011,0.33000000000000185
324.0,2021_01-13_12_53_38,65.05,64.27,-0.7800000000000011,0.33000000000000185
325.0,2021_01-13_12_53_39,65.02,64.27,-0.75,0.3200000000000003
326.0,2021_01-13_12_53_39,65.02,64.27,-0.75,0.3200000000000003
327.0,2021_01-13_12_53_39,65.02,64.27,-0.75,0.3200000000000003
328.0,2021_01-13_12_53_40,65.02,64.24,-0.7800000000000011,0.3099999999999987
329.0,2021_01-13_12_53_40,65.02,64.27,-0.75,0.3200000000000003
330.0,2021_01-13_12_53_40,64.99,64.24,-0.75,0.3000000000000007
331.0,2021_01-13_12_53_41,64.99,64.24,-0.75,0.3099999999999987
332.0,2021_01-13_12_53_41,64.99,64.24,-0.75,0.3099999999999987
333.0,2021_01-13_12_53_42,64.99,64.24,-0.75,0.3000000000000007
334.0,2021_01-13_12_53_42,64.99,64.24,-0.75,0.3000000000000007
335.0,2021_01-13_12_53_42,64.99,64.24,-0.75,0.3000000000000007
336.0,2021_01-13_12_53_43,64.99,64.24,-0.75,0.3000000000000007
337.0,2021_01-13_12_53_43,64.99,64.24,-0.75,0.3000000000000007
338.0,2021_01-13_12_53_43,64.96,64.24,-0.7199999999999989,0.28000000000000114
339.0,2021_01-13_12_53_44,64.96,64.24,-0.7199999999999989,0.3000000000000007
340.0,2021_01-13_12_53_44,64.96,64.24,-0.7199999999999989,0.3000000000000007
341.0,2021_01-13_12_53_44,64.93,64.24,-0.6900000000000119,0.3000000000000007
342.0,2021_01-13_12_53_45,64.93,64.24,-0.6900000000000119,0.3000000000000007
343.0,2021_01-13_12_53_45,64.93,64.24,-0.6900000000000119,0.3099999999999987
344.0,2021_01-13_12_53_46,64.93,64.24,-0.6900000000000119,0.3099999999999987
345.0,2021_01-13_12_53_46,64.93,64.24,-0.6900000000000119,0.3200000000000003
346.0,2021_01-13_12_53_46,64.93,64.24,-0.6900000000000119,0.3200000000000003
347.0,2021_01-13_12_53_47,64.93,64.24,-0.6900000000000119,0.3100000000000023
348.0,2021_01-13_12_53_47,64.91,64.24,-0.6700000000000017,0.3000000000000007
349.0,2021_01-13_12_53_47,64.91,64.24,-0.6700000000000017,0.3100000000000023
350.0,2021_01-13_12_53_48,64.91,64.24,-0.6700000000000017,0.3100000000000023
351.0,2021_01-13_12_53_48,64.91,64.24,-0.6700000000000017,0.3000000000000007
352.0,2021_01-13_12_53_48,64.91,64.24,-0.6700000000000017,0.3000000000000007
353.0,2021_01-13_12_53_49,64.91,64.24,-0.6700000000000017,0.2900000000000027
354.0,2021_01-13_12_53_49,64.91,64.24,-0.6700000000000017,0.2900000000000027
355.0,2021_01-13_12_53_50,64.88,64.24,-0.6400000000000006,0.2900000000000027
356.0,2021_01-13_12_53_50,64.88,64.24,-0.6400000000000006,0.3000000000000007
357.0,2021_01-13_12_53_50,64.88,64.24,-0.6400000000000006,0.28999999999999915
358.0,2021_01-13_12_53_51,64.88,64.27,-0.6099999999999994,0.3000000000000007
359.0,2021_01-13_12_53_51,64.88,64.24,-0.6400000000000006,0.3099999999999987
360.0,2021_01-13_12_53_51,64.88,64.24,-0.6400000000000006,0.3000000000000007
361.0,2021_01-13_12_53_52,64.85,64.21,-0.6400000000000006,0.3000000000000007
362.0,2021_01-13_12_53_52,64.85,64.21,-0.6400000000000006,0.3000000000000007
363.0,2021_01-13_12_53_53,64.85,64.21,-0.6400000000000006,0.2900000000000027
364.0,2021_01-13_12_53_53,64.85,64.21,-0.6400000000000006,0.3000000000000007
365.0,2021_01-13_12_53_53,64.85,64.21,-0.6400000000000006,0.3000000000000007
366.0,2021_01-13_12_53_54,64.82,64.21,-0.6099999999999994,0.3000000000000007
367.0,2021_01-13_12_53_54,64.82,64.18,-0.6399999999999864,0.3000000000000007
368.0,2021_01-13_12_53_54,64.82,64.18,-0.6399999999999864,0.28999999999999915
369.0,2021_01-13_12_53_55,64.82,64.18,-0.6399999999999864,0.28000000000000114
370.0,2021_01-13_12_53_55,64.82,64.18,-0.6399999999999864,0.28000000000000114
371.0,2021_01-13_12_53_55,64.79,64.18,-0.6099999999999994,0.259999999999998
372.0,2021_01-13_12_53_56,64.79,64.18,-0.6099999999999994,0.2699999999999996
373.0,2021_01-13_12_53_56,64.79,64.18,-0.6099999999999994,0.25
374.0,2021_01-13_12_53_57,64.79,64.15,-0.6400000000000006,0.25
375.0,2021_01-13_12_53_57,64.79,64.15,-0.6400000000000006,0.25
376.0,2021_01-13_12_53_57,64.79,64.15,-0.6400000000000006,0.2699999999999996
377.0,2021_01-13_12_53_58,64.76,64.15,-0.6099999999999994,0.26000000000000156
378.0,2021_01-13_12_53_58,64.76,64.15,-0.6099999999999994,0.259999999999998
379.0,2021_01-13_12_53_58,64.76,64.15,-0.6099999999999994,0.259999999999998
380.0,2021_01-13_12_53_59,64.76,64.15,-0.6099999999999994,0.259999999999998
381.0,2021_01-13_12_53_59,64.76,64.15,-0.6099999999999994,0.2699999999999996
382.0,2021_01-13_12_53_59,64.7,64.15,-0.5499999999999972,0.259999999999998
383.0,2021_01-13_12_54_00,64.7,64.15,-0.5499999999999972,0.259999999999998
384.0,2021_01-13_12_54_00,64.7,64.15,-0.5499999999999972,0.259999999999998
385.0,2021_01-13_12_54_01,64.7,64.15,-0.5499999999999972,0.28000000000000114
386.0,2021_01-13_12_54_01,64.7,64.15,-0.5499999999999972,0.28000000000000114
387.0,2021_01-13_12_54_01,64.7,64.13,-0.5700000000000074,0.28000000000000114
388.0,2021_01-13_12_54_02,64.67,64.15,-0.519999999999996,0.26000000000000156
389.0,2021_01-13_12_54_02,64.7,64.15,-0.5499999999999972,0.23999999999999844
390.0,2021_01-13_12_54_02,64.82,64.15,-0.6699999999999875,0.240000000000002
391.0,2021_01-13_12_54_03,64.94,64.15,-0.789999999999992,0.0799999999999983
392.0,2021_01-13_12_54_03,65.22,64.15,-1.0699999999999932,-0.46999999999999886
393.0,2021_01-13_12_54_04,65.84,64.15,-1.6899999999999977,-1.0199999999999996
394.0,2021_01-13_12_54_04,66.59,64.15,-2.4399999999999977,-1.509999999999998
395.0,2021_01-13_12_54_04,67.43,64.15,-3.280000000000001,-1.9299999999999997
396.0,2021_01-13_12_54_05,68.34,64.15,-4.189999999999998,-2.219999999999999
397.0,2021_01-13_12_54_05,69.2,64.15,-5.049999999999997,-2.469999999999999
398.0,2021_01-13_12_54_05,70.08,64.15,-5.929999999999993,-2.6400000000000006
399.0,2021_01-13_12_54_06,70.9,64.15,-6.75,-2.7399999999999984
400.0,2021_01-13_12_54_06,71.68,64.15,-7.530000000000001,-2.8900000000000006
401.0,2021_01-13_12_54_06,72.49,64.13,-8.36,-3.0400000000000027
402.0,2021_01-13_12_54_07,73.19,64.13,-9.060000000000002,-3.2600000000000016
403.0,2021_01-13_12_54_07,73.88,64.13,-9.75,-3.5
404.0,2021_01-13_12_54_08,74.58,64.13,-10.450000000000003,-3.6700000000000017
405.0,2021_01-13_12_54_08,75.22,64.1,-11.120000000000005,-3.8000000000000007
406.0,2021_01-13_12_54_08,75.79,64.1,-11.690000000000012,-3.6499999999999986
407.0,2021_01-13_12_54_09,76.24,64.1,-12.14,-3.270000000000003
408.0,2021_01-13_12_54_09,76.79,64.1,-12.690000000000012,-2.8800000000000026
409.0,2021_01-13_12_54_09,77.23,64.04,-13.189999999999998,-2.5500000000000007
410.0,2021_01-13_12_54_10,77.68,64.04,-13.64,-2.289999999999999
411.0,2021_01-13_12_54_10,78.13,64.04,-14.08999999999999,-2.0700000000000003
412.0,2021_01-13_12_54_10,78.5,64.04,-14.459999999999994,-1.9100000000000001
413.0,2021_01-13_12_54_11,78.89,64.05,-14.840000000000003,-1.759999999999998
414.0,2021_01-13_12_54_11,79.25,64.01,-15.239999999999995,-1.4399999999999977
415.0,2021_01-13_12_54_12,79.61,64.01,-15.599999999999994,-1.259999999999998
416.0,2021_01-13_12_54_12,79.97,64.01,-15.959999999999994,-1.1600000000000001
417.0,2021_01-13_12_54_12,80.3,64.1,-16.200000000000003,-1.009999999999998
418.0,2021_01-13_12_54_13,80.58,64.18,-16.39999999999999,-0.9100000000000001
419.0,2021_01-13_12_54_13,80.9,64.36,-16.540000000000006,-0.8399999999999999
420.0,2021_01-13_12_54_13,81.24,64.53,-16.709999999999994,-0.8399999999999999
421.0,2021_01-13_12_54_14,81.47,64.69,-16.78,-0.7100000000000009
422.0,2021_01-13_12_54_14,81.76,65.07,-16.690000000000012,-0.5400000000000027
423.0,2021_01-13_12_54_15,82.03,66.31,-15.719999999999999,0.07000000000000028
424.0,2021_01-13_12_54_15,82.33,68.11,-14.219999999999999,0.7899999999999991
425.0,2021_01-13_12_54_15,82.56,70.16,-12.400000000000006,1.3399999999999999
426.0,2021_01-13_12_54_16,82.84,72.25,-10.590000000000003,1.9199999999999982
427.0,2021_01-13_12_54_16,83.05,74.18,-8.86999999999999,2.370000000000001
428.0,2021_01-13_12_54_16,83.32,76.02,-7.299999999999997,2.75
429.0,2021_01-13_12_54_17,83.5,77.68,-5.819999999999993,3.0100000000000016
430.0,2021_01-13_12_54_17,83.74,79.21,-4.530000000000001,3.1999999999999993
431.0,2021_01-13_12_54_17,83.9,80.59,-3.3100000000000023,3.34
432.0,2021_01-13_12_54_18,84.1,81.78,-2.319999999999993,3.3900000000000006
433.0,2021_01-13_12_54_18,84.2,82.97,-1.230000000000004,3.460000000000001
434.0,2021_01-13_12_54_19,84.26,83.92,-0.3400000000000034,3.5299999999999976
435.0,2021_01-13_12_54_19,84.26,84.89,0.6299999999999955,3.6099999999999994
436.0,2021_01-13_12_54_19,84.17,85.7,1.5300000000000011,3.639999999999997
437.0,2021_01-13_12_54_20,84.1,86.44,2.3400000000000034,3.6799999999999997
438.0,2021_01-13_12_54_20,83.99,87.13,3.1400000000000006,3.7799999999999976
439.0,2021_01-13_12_54_20,83.9,87.72,3.819999999999993,3.530000000000001
440.0,2021_01-13_12_54_21,83.81,88.2,4.390000000000001,3.0700000000000003
441.0,2021_01-13_12_54_21,83.65,88.6,4.949999999999989,2.6899999999999977
442.0,2021_01-13_12_54_21,83.49,89.06,5.570000000000007,2.110000000000003
443.0,2021_01-13_12_54_22,83.45,89.47,6.019999999999996,1.0799999999999983
444.0,2021_01-13_12_54_22,83.62,89.8,6.179999999999993,0.05999999999999872
445.0,2021_01-13_12_54_23,83.8,90.11,6.310000000000002,-0.08999999999999986
446.0,2021_01-13_12_54_23,84.0,90.41,6.409999999999997,0.05000000000000071
447.0,2021_01-13_12_54_23,84.23,90.76,6.530000000000001,0.26000000000000156
448.0,2021_01-13_12_54_24,84.45,90.98,6.530000000000001,0.35999999999999943
449.0,2021_01-13_12_54_24,84.68,91.22,6.539999999999992,0.370000000000001
450.0,2021_01-13_12_54_24,85.07,91.44,6.3700000000000045,-0.4299999999999997
451.0,2021_01-13_12_54_25,85.33,91.66,6.329999999999998,-0.9700000000000024
452.0,2021_01-13_12_54_25,85.51,91.9,6.390000000000001,-0.759999999999998
453.0,2021_01-13_12_54_26,85.71,92.11,6.400000000000006,-0.33999999999999986
454.0,2021_01-13_12_54_26,85.88,92.28,6.400000000000006,-0.2699999999999996
455.0,2021_01-13_12_54_26,86.19,92.42,6.230000000000004,-0.7199999999999989
456.0,2021_01-13_12_54_27,86.34,92.6,6.259999999999991,-0.75
457.0,2021_01-13_12_54_27,86.48,92.74,6.259999999999991,-0.40000000000000213
458.0,2021_01-13_12_54_27,86.68,92.88,6.199999999999989,-0.20000000000000284
459.0,2021_01-13_12_54_28,86.84,93.04,6.200000000000003,-0.10000000000000142
460.0,2021_01-13_12_54_28,86.74,93.17,6.430000000000007,-0.05000000000000071
461.0,2021_01-13_12_54_28,86.45,93.3,6.849999999999994,-0.05000000000000071
462.0,2021_01-13_12_54_29,86.12,93.39,7.269999999999996,-0.05999999999999872
463.0,2021_01-13_12_54_29,85.61,93.53,7.920000000000002,0.0
464.0,2021_01-13_12_54_30,85.13,93.64,8.510000000000005,-0.00999999999999801
465.0,2021_01-13_12_54_30,84.71,93.7,8.990000000000009,-0.08999999999999986
466.0,2021_01-13_12_54_30,84.3,93.87,9.570000000000007,-0.25
467.0,2021_01-13_12_54_31,83.96,93.98,10.02000000000001,-0.35999999999999943
468.0,2021_01-13_12_54_31,83.66,93.91,10.25,-0.4400000000000013
469.0,2021_01-13_12_54_31,83.36,93.57,10.209999999999994,-0.4700000000000024
470.0,2021_01-13_12_54_32,83.1,92.99,9.89,-0.46000000000000085
471.0,2021_01-13_12_54_32,82.84,92.11,9.269999999999996,-0.45000000000000284
472.0,2021_01-13_12_54_32,82.65,91.15,8.5,-0.4299999999999997
473.0,2021_01-13_12_54_33,82.46,90.15,7.690000000000012,-0.41999999999999815
474.0,2021_01-13_12_54_33,82.29,89.38,7.089999999999989,-0.39000000000000057
475.0,2021_01-13_12_54_34,82.08,88.63,6.549999999999997,-0.33999999999999986
476.0,2021_01-13_12_54_34,81.87,88.09,6.219999999999999,-0.3100000000000023
477.0,2021_01-13_12_54_34,81.6,87.55,5.950000000000003,-0.26000000000000156
478.0,2021_01-13_12_54_35,81.39,86.99,5.599999999999994,-0.23000000000000043
479.0,2021_01-13_12_54_35,81.12,86.32,5.199999999999989,-0.21999999999999886
480.0,2021_01-13_12_54_35,80.88,85.39,4.510000000000005,-0.26000000000000156
481.0,2021_01-13_12_54_36,80.64,84.35,3.7099999999999937,-0.3099999999999987
482.0,2021_01-13_12_54_36,80.4,83.28,2.8799999999999955,-0.3000000000000007
483.0,2021_01-13_12_54_37,80.04,82.58,2.539999999999992,-0.28999999999999915
484.0,2021_01-13_12_54_37,79.79,82.1,2.309999999999988,-0.28000000000000114
485.0,2021_01-13_12_54_37,79.71,81.67,1.960000000000008,-0.25
486.0,2021_01-13_12_54_38,79.55,81.33,1.7800000000000011,-0.19000000000000128
487.0,2021_01-13_12_54_38,79.36,81.24,1.8799999999999955,-0.17999999999999972
488.0,2021_01-13_12_54_38,79.09,80.98,1.8900000000000006,-0.16999999999999815
489.0,2021_01-13_12_54_39,78.82,80.49,1.6700000000000017,-0.15000000000000213
490.0,2021_01-13_12_54_39,78.4,79.88,1.4799999999999898,-0.10999999999999943
491.0,2021_01-13_12_54_39,78.07,79.37,1.3000000000000114,-0.08000000000000185
492.0,2021_01-13_12_54_40,77.74,78.91,1.1700000000000017,-0.060000000000002274
493.0,2021_01-13_12_54_40,77.42,78.44,1.019999999999996,-0.05000000000000071
494.0,2021_01-13_12_54_41,77.11,77.93,0.8200000000000074,-0.05999999999999872
495.0,2021_01-13_12_54_41,76.85,77.39,0.5400000000000063,-0.05000000000000071
496.0,2021_01-13_12_54_41,76.57,76.9,0.3300000000000125,-0.05999999999999872
497.0,2021_01-13_12_54_42,76.41,76.52,0.10999999999999943,-0.03999999999999915
498.0,2021_01-13_12_54_42,76.25,76.19,-0.060000000000002274,-0.010000000000001563
499.0,2021_01-13_12_54_42,76.06,76.06,0.0,0.030000000000001137
500.0,2021_01-13_12_54_43,75.9,76.12,0.21999999999999886,0.019999999999999574
501.0,2021_01-13_12_54_43,75.68,76.14,0.45999999999999375,0.019999999999999574
502.0,2021_01-13_12_54_43,75.52,76.12,0.6000000000000085,0.019999999999999574
503.0,2021_01-13_12_54_44,75.35,75.89,0.5400000000000063,0.00999999999999801
504.0,2021_01-13_12_54_44,75.17,75.49,0.3199999999999932,0.03999999999999915
505.0,2021_01-13_12_54_45,74.98,75.05,0.06999999999999318,0.0400000000000027
506.0,2021_01-13_12_54_45,74.8,74.7,-0.09999999999999432,0.05000000000000071
507.0,2021_01-13_12_54_45,74.64,74.57,-0.07000000000000739,0.0400000000000027
508.0,2021_01-13_12_54_46,74.53,74.51,-0.01999999999999602,0.05000000000000071
509.0,2021_01-13_12_54_46,74.42,74.46,0.03999999999999204,0.04999999999999716
510.0,2021_01-13_12_54_46,74.31,74.38,0.06999999999999318,0.05999999999999872
511.0,2021_01-13_12_54_47,74.26,74.2,-0.060000000000002274,0.060000000000002274
512.0,2021_01-13_12_54_47,74.21,74.08,-0.12999999999999545,0.07000000000000028
513.0,2021_01-13_12_54_48,74.12,73.87,-0.25,0.07000000000000028
514.0,2021_01-13_12_54_48,74.02,73.73,-0.28999999999999204,0.05000000000000071
515.0,2021_01-13_12_54_48,73.88,73.47,-0.4099999999999966,0.05999999999999872
516.0,2021_01-13_12_54_49,73.74,73.22,-0.519999999999996,0.07000000000000028
517.0,2021_01-13_12_54_49,73.61,72.98,-0.6299999999999955,0.0799999999999983
518.0,2021_01-13_12_54_49,73.46,72.74,-0.7199999999999989,0.0799999999999983
519.0,2021_01-13_12_54_50,73.38,72.47,-0.9099999999999966,0.10000000000000142
520.0,2021_01-13_12_54_50,73.32,72.29,-1.029999999999987,0.10000000000000142
521.0,2021_01-13_12_54_50,73.25,72.0,-1.25,0.120000000000001
522.0,2021_01-13_12_54_51,73.13,71.83,-1.2999999999999972,0.10999999999999943
523.0,2021_01-13_12_54_51,73.03,71.55,-1.480000000000004,0.13000000000000256
524.0,2021_01-13_12_54_52,72.9,71.27,-1.6300000000000097,0.13000000000000256
525.0,2021_01-13_12_54_52,72.73,71.0,-1.730000000000004,0.13000000000000256
526.0,2021_01-13_12_54_52,72.54,70.64,-1.9000000000000057,0.120000000000001
527.0,2021_01-13_12_54_53,72.35,70.35,-2.0,0.15000000000000213
528.0,2021_01-13_12_54_53,72.13,70.17,-1.9599999999999937,0.17999999999999972
529.0,2021_01-13_12_54_53,72.0,69.93,-2.069999999999993,0.17999999999999972
530.0,2021_01-13_12_54_54,71.84,69.68,-2.1599999999999966,0.18999999999999773
531.0,2021_01-13_12_54_54,71.64,69.44,-2.200000000000003,0.1999999999999993
532.0,2021_01-13_12_54_54,71.54,69.2,-2.3400000000000034,0.1999999999999993
533.0,2021_01-13_12_54_55,71.4,68.95,-2.450000000000003,0.1999999999999993
534.0,2021_01-13_12_54_55,71.27,68.65,-2.6199999999999903,0.2099999999999973
535.0,2021_01-13_12_54_56,71.1,68.43,-2.6699999999999875,0.19000000000000128
536.0,2021_01-13_12_54_56,70.97,68.2,-2.769999999999996,0.1999999999999993
537.0,2021_01-13_12_54_56,70.84,68.01,-2.8299999999999983,0.1999999999999993
538.0,2021_01-13_12_54_57,70.68,67.76,-2.9200000000000017,0.21000000000000085
539.0,2021_01-13_12_54_57,70.54,67.57,-2.970000000000013,0.21999999999999886
540.0,2021_01-13_12_54_57,70.42,67.34,-3.0799999999999983,0.21999999999999886
541.0,2021_01-13_12_54_58,70.29,67.22,-3.0700000000000074,0.21999999999999886
542.0,2021_01-13_12_54_58,70.16,67.02,-3.1400000000000006,0.21000000000000085
543.0,2021_01-13_12_54_59,70.02,66.89,-3.1299999999999955,0.1999999999999993
544.0,2021_01-13_12_54_59,69.91,66.7,-3.2099999999999937,0.1999999999999993
545.0,2021_01-13_12_54_59,69.81,66.56,-3.25,0.1999999999999993
546.0,2021_01-13_12_55_00,69.67,66.46,-3.210000000000008,0.1999999999999993
547.0,2021_01-13_12_55_00,69.56,66.26,-3.299999999999997,0.19000000000000128
548.0,2021_01-13_12_55_00,69.45,66.16,-3.2900000000000063,0.21999999999999886
549.0,2021_01-13_12_55_01,69.37,66.05,-3.3200000000000074,0.1999999999999993
550.0,2021_01-13_12_55_01,69.23,65.97,-3.260000000000005,0.2099999999999973
551.0,2021_01-13_12_55_01,69.13,65.86,-3.269999999999996,0.2099999999999973
552.0,2021_01-13_12_55_02,69.05,65.75,-3.299999999999997,0.2099999999999973
553.0,2021_01-13_12_55_02,68.97,65.65,-3.319999999999993,0.23000000000000043
554.0,2021_01-13_12_55_03,68.88,65.56,-3.319999999999993,0.22999999999999687
555.0,2021_01-13_12_55_03,68.75,65.5,-3.25,0.21999999999999886
556.0,2021_01-13_12_55_03,68.67,65.41,-3.260000000000005,0.21999999999999886
557.0,2021_01-13_12_55_04,68.58,65.33,-3.25,0.21999999999999886
558.0,2021_01-13_12_55_04,68.5,65.27,-3.230000000000004,0.21999999999999886
559.0,2021_01-13_12_55_04,68.45,65.15,-3.299999999999997,0.21999999999999886
560.0,2021_01-13_12_55_05,68.36,65.09,-3.269999999999996,0.2099999999999973
561.0,2021_01-13_12_55_05,68.26,65.04,-3.219999999999999,0.1999999999999993
562.0,2021_01-13_12_55_06,68.2,64.98,-3.219999999999999,0.1999999999999993
563.0,2021_01-13_12_55_06,68.13,64.92,-3.2099999999999937,0.21999999999999886
564.0,2021_01-13_12_55_06,68.07,64.89,-3.1799999999999926,0.2099999999999973
565.0,2021_01-13_12_55_07,67.99,64.8,-3.1899999999999977,0.1999999999999993
566.0,2021_01-13_12_55_07,67.94,64.78,-3.1599999999999966,0.2099999999999973
567.0,2021_01-13_12_55_07,67.85,64.75,-3.0999999999999943,0.2099999999999973
568.0,2021_01-13_12_55_08,67.78,64.66,-3.1200000000000045,0.2099999999999973
569.0,2021_01-13_12_55_08,67.72,64.63,-3.0900000000000034,0.2099999999999973
570.0,2021_01-13_12_55_08,67.66,64.57,-3.0900000000000034,0.1999999999999993
571.0,2021_01-13_12_55_09,67.59,64.51,-3.0799999999999983,0.2099999999999973
572.0,2021_01-13_12_55_09,67.53,64.51,-3.019999999999996,0.19000000000000128
573.0,2021_01-13_12_55_10,67.5,64.49,-3.010000000000005,0.19000000000000128
574.0,2021_01-13_12_55_10,67.45,64.42,-3.030000000000001,0.19000000000000128
575.0,2021_01-13_12_55_10,67.36,64.39,-2.969999999999999,0.1999999999999993
576.0,2021_01-13_12_55_11,67.31,64.4,-2.9099999999999966,0.1999999999999993
577.0,2021_01-13_12_55_11,67.26,64.37,-2.8900000000000006,0.19000000000000128
578.0,2021_01-13_12_55_11,67.2,64.34,-2.8599999999999994,0.1999999999999993
579.0,2021_01-13_12_55_12,67.15,64.31,-2.8400000000000034,0.19000000000000128
580.0,2021_01-13_12_55_12,67.1,64.25,-2.8499999999999943,0.1999999999999993
581.0,2021_01-13_12_55_12,67.04,64.25,-2.7900000000000063,0.19000000000000128
582.0,2021_01-13_12_55_13,66.99,64.25,-2.739999999999995,0.1999999999999993
583.0,2021_01-13_12_55_13,66.96,64.22,-2.739999999999995,0.1999999999999993
584.0,2021_01-13_12_55_14,66.91,64.16,-2.75,0.19000000000000128
585.0,2021_01-13_12_55_14,66.88,64.17,-2.7099999999999937,0.1999999999999993
586.0,2021_01-13_12_55_14,66.82,64.17,-2.6499999999999915,0.2099999999999973
587.0,2021_01-13_12_55_15,66.74,64.08,-2.6599999999999966,0.1999999999999993
588.0,2021_01-13_12_55_15,66.72,64.08,-2.6400000000000006,0.1999999999999993
589.0,2021_01-13_12_55_15,66.69,64.08,-2.6099999999999994,0.1999999999999993
590.0,2021_01-13_12_55_16,66.63,64.05,-2.5799999999999983,0.1999999999999993
591.0,2021_01-13_12_55_16,66.58,64.05,-2.530000000000001,0.1999999999999993
592.0,2021_01-13_12_55_17,66.56,64.02,-2.5400000000000063,0.21000000000000085
593.0,2021_01-13_12_55_17,66.53,63.99,-2.539999999999999,0.1999999999999993
594.0,2021_01-13_12_55_17,66.47,63.99,-2.479999999999997,0.21000000000000085
595.0,2021_01-13_12_55_18,66.45,63.96,-2.490000000000002,0.1999999999999993
596.0,2021_01-13_12_55_18,66.42,63.99,-2.4299999999999997,0.22000000000000242
597.0,2021_01-13_12_55_18,66.39,63.93,-2.460000000000001,0.22000000000000242
598.0,2021_01-13_12_55_19,66.36,63.93,-2.4299999999999997,0.21999999999999886
599.0,2021_01-13_12_55_19,66.28,63.93,-2.3500000000000014,0.21999999999999886
600.0,2021_01-13_12_55_19,66.26,63.93,-2.3300000000000054,0.22000000000000242
601.0,2021_01-13_12_55_20,66.23,63.87,-2.3600000000000065,0.21000000000000085
602.0,2021_01-13_12_55_20,66.2,63.87,-2.3300000000000054,0.22000000000000242
603.0,2021_01-13_12_55_21,66.17,63.91,-2.260000000000005,0.21000000000000085
604.0,2021_01-13_12_55_21,66.12,63.87,-2.250000000000007,0.21999999999999886
605.0,2021_01-13_12_55_21,66.12,63.88,-2.240000000000002,0.21999999999999886
606.0,2021_01-13_12_55_22,66.09,63.88,-2.210000000000001,0.21999999999999886
607.0,2021_01-13_12_55_22,66.07,63.88,-2.1899999999999906,0.21999999999999886
608.0,2021_01-13_12_55_22,66.04,63.85,-2.190000000000005,0.23000000000000043
609.0,2021_01-13_12_55_23,66.01,63.82,-2.190000000000005,0.240000000000002
610.0,2021_01-13_12_55_23,65.98,63.85,-2.1300000000000026,0.23000000000000043
611.0,2021_01-13_12_55_23,65.96,63.79,-2.1699999999999946,0.23999999999999844
612.0,2021_01-13_12_55_24,65.93,63.82,-2.1100000000000065,0.23999999999999844
613.0,2021_01-13_12_55_24,65.91,63.79,-2.1199999999999974,0.23999999999999844
614.0,2021_01-13_12_55_25,65.91,63.82,-2.0899999999999963,0.25
615.0,2021_01-13_12_55_25,65.88,63.79,-2.0899999999999963,0.23000000000000043
616.0,2021_01-13_12_55_25,65.85,63.85,-1.999999999999993,0.22000000000000242
617.0,2021_01-13_12_55_26,65.85,63.85,-1.999999999999993,0.23000000000000043
618.0,2021_01-13_12_55_26,65.79,63.88,-1.9100000000000037,0.22000000000000242
619.0,2021_01-13_12_55_26,65.79,63.91,-1.8800000000000097,0.240000000000002
620.0,2021_01-13_12_55_27,65.79,63.91,-1.8800000000000097,0.23000000000000043
621.0,2021_01-13_12_55_27,65.77,63.93,-1.8399999999999963,0.23000000000000043
622.0,2021_01-13_12_55_28,65.74,63.9,-1.8399999999999963,0.240000000000002
623.0,2021_01-13_12_55_28,65.72,63.93,-1.7899999999999991,0.21999999999999886
624.0,2021_01-13_12_55_28,65.72,63.87,-1.8500000000000014,0.23000000000000043
625.0,2021_01-13_12_55_29,65.69,63.91,-1.7800000000000011,0.23999999999999844
626.0,2021_01-13_12_55_29,65.66,63.85,-1.8099999999999952,0.23000000000000043
627.0,2021_01-13_12_55_29,65.63,63.85,-1.779999999999994,0.23000000000000043
628.0,2021_01-13_12_55_30,65.61,63.85,-1.759999999999998,0.23000000000000043
629.0,2021_01-13_12_55_30,65.58,63.82,-1.759999999999998,0.240000000000002
630.0,2021_01-13_12_55_30,65.58,63.82,-1.759999999999998,0.23000000000000043
631.0,2021_01-13_12_55_31,65.55,63.79,-1.759999999999998,0.240000000000002
632.0,2021_01-13_12_55_31,65.5,63.76,-1.740000000000002,0.23000000000000043
633.0,2021_01-13_12_55_32,65.5,63.76,-1.740000000000002,0.23000000000000043
